external_id,account_name,website,category,country,priority,source_url,stage
FW-001,Barber Club,https://www.barberclub.co.za/,Barber,South Africa,A / research,https://www.barberclub.co.za/branches,Research draft - no contact
FW-002,being,https://www.being.co.za/,Wellness,South Africa,A / research,https://www.being.co.za/,Research draft - no contact
FW-003,Sorbet,https://www.sorbet.co.za/,Beauty,South Africa,A / research,https://www.sorbet.co.za/salon,Research draft - no contact
FW-004,Perfect 10,https://www.perfect10.co.za/,Beauty,South Africa,B / discovery,https://www.perfect10.co.za/,Research draft - no contact
FW-005,Camelot Spa Group,https://www.camelotspa.co.za/,Spa,South Africa,A / research,https://www.camelotspa.co.za/,Research draft - no contact
FW-006,Life Day Spa Group,https://lifedayspa.co.za/,Spa,South Africa,A / research,https://lifedayspa.co.za/book-a-treatment/,Research draft - no contact
FW-007,Legends Barber,https://www.legends-barber.com/,Barber,South Africa,B / discovery,https://www.legends-barber.com/,Research draft - no contact
FW-008,Sirina Thai Spa,https://sirinathaispa.co.za/,Spa,South Africa,A / research,https://sirinathaispa.co.za/,Research draft - no contact
FW-009,Hair City,https://www.haircity.co.za/,Beauty,South Africa,A / research,https://www.haircity.co.za/pages/faq,Research draft - no contact
FW-010,Hermanos Barbershop,https://hermanos.co.za/,Barber,South Africa,B / discovery,https://hermanos.co.za/,Research draft - no contact
