account_id,company,category,market,location_count,booking_signal,booking_vendor,website,evidence_url,evidence_text,observed_on
FW-001,Barber Club,Barber,South Africa,11,website_or_contact,Unknown,https://www.barberclub.co.za/,https://www.barberclub.co.za/branches,Official branches page lists 11 locations and invites bookings,2026-09-29
FW-002,being,Wellness,South Africa,2,website_or_contact,Unknown,https://www.being.co.za/,https://www.being.co.za/,Official site describes two Sandton centres and online booking buttons,2026-09-29
FW-003,Sorbet,Beauty,South Africa,200,external_platform,Zenoti,https://www.sorbet.co.za/,https://www.sorbet.co.za/salon,Official page says over 200 salons and links online booking to Zenoti,2026-09-29
FW-004,Perfect 10,Beauty,South Africa,,website_or_contact,Unknown,https://www.perfect10.co.za/,https://www.perfect10.co.za/,Official site describes nationwide studios and a locator with booking guidance,2026-09-29
FW-005,Camelot Spa Group,Spa,South Africa,16,website_or_contact,Unknown,https://www.camelotspa.co.za/,https://www.camelotspa.co.za/,Official site says the group has 16 branches across several countries,2026-09-29
FW-006,Life Day Spa Group,Spa,South Africa,11,external_platform,ESP Cloud,https://lifedayspa.co.za/,https://lifedayspa.co.za/book-a-treatment/,Official booking page lists 11 locations in South Africa and Namibia,2026-09-29
FW-007,Legends Barber,Barber,South Africa,,owned_app,Legends app,https://www.legends-barber.com/,https://www.legends-barber.com/,Official FAQ says customers can book through the group's app,2026-09-29
FW-008,Sirina Thai Spa,Spa,South Africa,13,whatsapp,Unknown,https://sirinathaispa.co.za/,https://sirinathaispa.co.za/,Official site presents 13 spas and directs normal booking to WhatsApp,2026-09-29
FW-009,Hair City,Beauty,South Africa,2,website_or_contact,Unknown,https://www.haircity.co.za/,https://www.haircity.co.za/pages/faq,Official FAQ names Mall of Africa and Menlyn Park and recommends advance booking,2026-09-29
FW-010,Hermanos Barbershop,Barber,South Africa,,website_or_contact,Unknown,https://hermanos.co.za/,https://hermanos.co.za/,Official site features a Book Now action and Loop Street branch,2026-09-29
FW-011,  BARBER CLUB  ,Barber,South Africa,11,website_or_contact,Unknown,https://www.barberclub.co.za/,https://www.barberclub.co.za/branches,Deliberate duplicate to demonstrate the QA queue,2026-09-29
FW-012,Sorbet,Beauty,South Africa,200,external_platform,Zenoti,https://www.sorbet.co.za/,https://www.sorbet.co.za/salon,Deliberate duplicate to demonstrate the QA queue,2026-09-29
